entry_id	label	glyph_class	type	kegg_names	Control	Treatment
Protein_608bc3adf283a9858c923f468826fcb4	COMT	macromolecule	gene	COMT	-1.5	1.5
Protein_93b7b794c67db60739980abed5887b3d_Complex_c0c21acd06cad8915dc6d562a17cb92b	SLC18A2	macromolecule	gene	SLC18A2	1.0	-1.0
Protein_29affa8c14b24efa919422a19945a414	DDC	macromolecule	gene	DDC	-1.0	1.0
Protein_b8e33f6ebba469f6187e8e8b6641868e	SLC18A2	macromolecule	gene	SLC18A2	1.0	-1.0
Protein_df07a65aa8c4d5b103e43486b6fd967d	TH	macromolecule	gene	TH	-0.5	0.5
Protein_76137db58b37ef9d06406f5542675a9b	DBH	macromolecule	gene	DBH	0.0	0.0
Protein_b734927c10297d1db3f9bc290d7a06b5	SLC6A3	macromolecule	gene	SLC6A3	1.5	-1.5
Protein_78ba18c5ad71491fadbf87a2024002c5	PNMT	macromolecule	gene	PNMT	0.5	-0.5
Protein_822718f4659f95fbc0a536c3473d449f_Complex_11851c2240a559a2fcd9de61d553684c	SLC6A3	macromolecule	gene	SLC6A3	1.5	-1.5
