entry_id	Control_color	Treatment_color
Protein_608bc3adf283a9858c923f468826fcb4	#00FF00	#FF0000
Protein_93b7b794c67db60739980abed5887b3d_Complex_c0c21acd06cad8915dc6d562a17cb92b	#FF0000	#00FF00
Protein_29affa8c14b24efa919422a19945a414	#00FF00	#FF0000
Protein_b8e33f6ebba469f6187e8e8b6641868e	#FF0000	#00FF00
Protein_df07a65aa8c4d5b103e43486b6fd967d	#5FDE5F	#DE5F5F
Protein_76137db58b37ef9d06406f5542675a9b	#BEBEBE	#BEBEBE
Protein_b734927c10297d1db3f9bc290d7a06b5	#FF0000	#00FF00
Protein_78ba18c5ad71491fadbf87a2024002c5	#DE5F5F	#5FDE5F
Protein_822718f4659f95fbc0a536c3473d449f_Complex_11851c2240a559a2fcd9de61d553684c	#FF0000	#00FF00
