"kegg.names","labels","all.mapped","type","x","y","width","height","Control","Treatment","Control.col","Treatment.col"
"1029","CDKN2A","","gene",532,124,46,17,NA,NA,"#FFFFFF","#FFFFFF"
"51343","FZR1","","gene",919,536,46,17,NA,NA,"#FFFFFF","#FFFFFF"
"4171","MCM2","","gene",553,556,46,17,NA,NA,"#FFFFFF","#FFFFFF"
"4998","ORC6","","gene",494,556,46,17,NA,NA,"#FFFFFF","#FFFFFF"
"996","ANAPC10","","gene",919,297,46,17,NA,NA,"#FFFFFF","#FFFFFF"
"996","ANAPC10","","gene",919,519,46,17,NA,NA,"#FFFFFF","#FFFFFF"
"6500","SKP1","","gene",188,519,46,17,NA,NA,"#FFFFFF","#FFFFFF"
"6500","SKP1","","gene",432,191,46,17,NA,NA,"#FFFFFF","#FFFFFF"
"23594","ORC6","","gene",123,704,46,17,NA,NA,"#FFFFFF","#FFFFFF"
"23595","ORC3","","gene",77,687,46,17,NA,NA,"#FFFFFF","#FFFFFF"
"5001","ORC5","","gene",77,704,46,17,NA,NA,"#FFFFFF","#FFFFFF"
"5000","ORC4","","gene",123,687,46,17,NA,NA,"#FFFFFF","#FFFFFF"
"4999","ORC2","","gene",123,670,46,17,NA,NA,"#FFFFFF","#FFFFFF"
"4998","ORC1","","gene",77,670,46,17,NA,NA,"#FFFFFF","#FFFFFF"
"4176","MCM7","","gene",245,704,46,17,NA,NA,"#FFFFFF","#FFFFFF"
"4175","MCM6","","gene",200,704,46,17,NA,NA,"#FFFFFF","#FFFFFF"
"4174","MCM5","","gene",245,687,46,17,NA,NA,"#FFFFFF","#FFFFFF"
"4173","MCM4","","gene",200,687,46,17,NA,NA,"#FFFFFF","#FFFFFF"
"4172","MCM3","","gene",245,670,46,17,NA,NA,"#FFFFFF","#FFFFFF"
"4171","MCM2","","gene",200,670,46,17,NA,NA,"#FFFFFF","#FFFFFF"
"983","CDK1","","gene",780,468,46,17,NA,NA,"#FFFFFF","#FFFFFF"
"701","BUB1B","","gene",830,298,46,17,NA,NA,"#FFFFFF","#FFFFFF"
"5111","PCNA","","gene",559,359,46,17,NA,NA,"#FFFFFF","#FFFFFF"
"5347","PLK1","","gene",862,468,46,17,NA,NA,"#FFFFFF","#FFFFFF"
"472","ATM","","gene",696,163,46,17,NA,NA,"#FFFFFF","#FFFFFF"
"10926","DBF4","","gene",532,626,46,17,NA,NA,"#FFFFFF","#FFFFFF"
"4085","MAD2L2","","gene",830,281,46,17,NA,NA,"#FFFFFF","#FFFFFF"
"699","BUB1","","gene",769,315,46,17,NA,NA,"#FFFFFF","#FFFFFF"
"9184","BUB3","","gene",830,315,46,17,NA,NA,"#FFFFFF","#FFFFFF"
"8555","CDC14B","","gene",919,578,46,17,NA,NA,"#FFFFFF","#FFFFFF"
"7529","YWHAQ","","gene",850,352,46,17,NA,NA,"#FFFFFF","#FFFFFF"
"2810","SFN","","gene",638,313,46,17,NA,NA,"#FFFFFF","#FFFFFF"
"1111","CHEK1","","gene",696,299,46,17,NA,NA,"#FFFFFF","#FFFFFF"
"1026","CDKN1A","","gene",459,313,46,17,NA,NA,"#FFFFFF","#FFFFFF"
"5591","PRKDC","","gene",640,163,46,17,NA,NA,"#FFFFFF","#FFFFFF"
"4193","MDM2","","gene",532,179,46,17,NA,NA,"#FFFFFF","#FFFFFF"
"1387","CREBBP","","gene",590,150,46,17,NA,NA,"#FFFFFF","#FFFFFF"
"6502","SKP2","","gene",432,208,46,17,NA,NA,"#FFFFFF","#FFFFFF"
"9088","PKMYT1","","gene",763,528,46,17,NA,NA,"#FFFFFF","#FFFFFF"
"7465","WEE2","","gene",704,528,46,17,NA,NA,"#FFFFFF","#FFFFFF"
"9232","PTTG2","","gene",919,245,46,17,NA,NA,"#FFFFFF","#FFFFFF"
"9700","ESPL1","","gene",919,198,46,17,NA,NA,"#FFFFFF","#FFFFFF"
"8243","SMC1B","","gene",895,117,46,17,NA,NA,"#FFFFFF","#FFFFFF"
"6502","SKP2","","gene",188,536,46,17,NA,NA,"#FFFFFF","#FFFFFF"
"5925","RB1","","gene",637,528,46,17,NA,NA,"#FFFFFF","#FFFFFF"
"1647","GADD45G","","gene",559,313,46,17,NA,NA,"#FFFFFF","#FFFFFF"
"5925","RB1","","gene",504,243,46,17,NA,NA,"#FFFFFF","#FFFFFF"
"7157","TP53","7157","gene",590,243,46,17,1.4,-1.4,"#F22626","#26F226"
"1027","CDKN1B","","gene",407,313,46,17,NA,NA,"#FFFFFF","#FFFFFF"
"1030","CDKN2B","","gene",256,313,46,17,NA,NA,"#FFFFFF","#FFFFFF"
"7040","TGFB1","","gene",327,117,46,17,NA,NA,"#FFFFFF","#FFFFFF"
"4089","SMAD4","","gene",327,177,46,17,NA,NA,"#FFFFFF","#FFFFFF"
"4087","SMAD2","","gene",327,160,46,17,NA,NA,"#FFFFFF","#FFFFFF"
"8317","CDC7","","gene",532,609,46,17,NA,NA,"#FFFFFF","#FFFFFF"
"991","CDC20","","gene",919,314,46,17,NA,NA,"#FFFFFF","#FFFFFF"
"994","CDC25B","","gene",830,402,46,17,NA,NA,"#FFFFFF","#FFFFFF"
"8318","CDC45","","gene",553,528,46,17,NA,NA,"#FFFFFF","#FFFFFF"
"990","CDC6","","gene",494,528,46,17,NA,NA,"#FFFFFF","#FFFFFF"
"993","CDC25A","","gene",614,402,46,17,NA,NA,"#FFFFFF","#FFFFFF"
"2932","GSK3B","","gene",170,167,46,17,NA,NA,"#FFFFFF","#FFFFFF"
"983","CDK1","","gene",689,468,46,17,NA,NA,"#FFFFFF","#FFFFFF"
"891","CCNB3","","gene",780,451,46,17,NA,NA,"#FFFFFF","#FFFFFF"
"890","CCNA2","","gene",689,451,46,17,NA,NA,"#FFFFFF","#FFFFFF"
"1022","CDK7","","gene",552,468,46,17,NA,NA,"#FFFFFF","#FFFFFF"
"1017","CDK2","1017","gene",457,468,46,17,-1.5,1.5,"#26F226","#F22626"
"1017","CDK2","1017","gene",335,468,46,17,-1.5,1.5,"#26F226","#F22626"
"1019","CDK4","1019,1021","gene",227,468,46,17,-0.7,0.7,"#72D872","#D87272"
"902","CCNH","","gene",552,451,46,17,NA,NA,"#FFFFFF","#FFFFFF"
"890","CCNA2","","gene",457,451,46,17,NA,NA,"#FFFFFF","#FFFFFF"
"898","CCNE1","","gene",335,451,46,17,NA,NA,"#FFFFFF","#FFFFFF"
"595","CCND1","595","gene",227,451,46,17,0.8,-0.8,"#D87272","#72D872"
"8379","MAD1L1","","gene",830,231,46,17,NA,NA,"#FFFFFF","#FFFFFF"
"7272","TTK","","gene",830,181,46,17,NA,NA,"#FFFFFF","#FFFFFF"
"1031","CDKN2C","","gene",304,313,46,17,NA,NA,"#FFFFFF","#FFFFFF"
"1032","CDKN2D","","gene",352,313,46,17,NA,NA,"#FFFFFF","#FFFFFF"
"1029","CDKN2A","","gene",208,313,46,17,NA,NA,"#FFFFFF","#FFFFFF"
"9126","SMC3","","gene",941,117,46,17,NA,NA,"#FFFFFF","#FFFFFF"
"10274","STAG1","","gene",918,134,46,17,NA,NA,"#FFFFFF","#FFFFFF"
"5885","RAD21","","gene",918,151,46,17,NA,NA,"#FFFFFF","#FFFFFF"
"5933","RBL1","","gene",243,143,46,17,NA,NA,"#FFFFFF","#FFFFFF"
"1874","E2F4","","gene",243,160,46,17,NA,NA,"#FFFFFF","#FFFFFF"
"4609","MYC","","gene",243,219,46,17,NA,NA,"#FFFFFF","#FFFFFF"
"7709","ZBTB17","","gene",243,251,46,17,NA,NA,"#FFFFFF","#FFFFFF"
"25","ABL1","","gene",413,526,46,17,NA,NA,"#FFFFFF","#FFFFFF"
"7027","TFDP1","","gene",353,594,46,17,NA,NA,"#FFFFFF","#FFFFFF"
"1869","E2F1","","gene",353,577,46,17,NA,NA,"#FFFFFF","#FFFFFF"
"3065","HDAC1","","gene",413,550,46,17,NA,NA,"#FFFFFF","#FFFFFF"
"5925","RB1","","gene",353,536,46,17,NA,NA,"#FFFFFF","#FFFFFF"
"5933","RBL1","","gene",298,536,46,17,NA,NA,"#FFFFFF","#FFFFFF"
"7027","TFDP1","","gene",298,594,46,17,NA,NA,"#FFFFFF","#FFFFFF"
"1874","E2F4","","gene",298,577,46,17,NA,NA,"#FFFFFF","#FFFFFF"
"7027","TFDP1","","gene",243,177,46,17,NA,NA,"#FFFFFF","#FFFFFF"
